"Observation","Sepal.Length","Sepal.Width","Petal.Length","Petal.Width","Species"
6.5,3,5.8,2.2,"virginica"
5.8,2.7,3.9,1.2,"versicolor"
4.4,3,1.3,0.2,"setosa"
5.1,3.5,1.4,0.2,"setosa"
7.3,2.9,6.3,1.8,"virginica"
6.2,2.8,4.8,1.8,"virginica"
7.2,3,5.8,1.6,"virginica"
6.4,2.7,5.3,1.9,"virginica"
4.7,3.2,1.6,0.2,"setosa"
5.8,2.6,4,1.2,"versicolor"
4.6,3.4,1.4,0.3,"setosa"
4.8,3,1.4,0.1,"setosa"
7.7,3,6.1,2.3,"virginica"
6.6,2.9,4.6,1.3,"versicolor"
6.4,3.1,5.5,1.8,"virginica"
5,3.5,1.6,0.6,"setosa"
5.8,2.8,5.1,2.4,"virginica"
6.1,2.9,4.7,1.4,"versicolor"
7.9,3.8,6.4,2,"virginica"
5,3.6,1.4,0.2,"setosa"
5.9,3.2,4.8,1.8,"versicolor"
6.3,3.3,4.7,1.6,"versicolor"
5.7,2.6,3.5,1,"versicolor"
4.8,3.4,1.6,0.2,"setosa"
7,3.2,4.7,1.4,"versicolor"
5.2,2.7,3.9,1.4,"versicolor"
5.7,2.8,4.5,1.3,"versicolor"
6.2,2.9,4.3,1.3,"versicolor"
5.1,3.8,1.6,0.2,"setosa"
6,2.7,5.1,1.6,"versicolor"
6,2.2,5,1.5,"virginica"
4.9,3.1,1.5,0.1,"setosa"
4.6,3.6,1,0.2,"setosa"
5.8,2.7,5.1,1.9,"virginica"
5.6,3,4.1,1.3,"versicolor"
5.6,3,4.5,1.5,"versicolor"
5.6,2.8,4.9,2,"virginica"
6.9,3.1,5.4,2.1,"virginica"
5.5,2.4,3.8,1.1,"versicolor"
7.7,2.6,6.9,2.3,"virginica"
5.3,3.7,1.5,0.2,"setosa"
4.8,3.1,1.6,0.2,"setosa"
6.7,3.3,5.7,2.5,"virginica"
6.7,3.1,4.7,1.5,"versicolor"
5,3.3,1.4,0.2,"setosa"
7.4,2.8,6.1,1.9,"virginica"
5.7,2.9,4.2,1.3,"versicolor"
6.9,3.1,5.1,2.3,"virginica"
5.9,3,4.2,1.5,"versicolor"
6.1,2.8,4,1.3,"versicolor"
