"Observation","Sepal.Length","Sepal.Width","Petal.Length","Petal.Width","Species"
5.8,2.7,4.1,1,"versicolor"
7.2,3.2,6,1.8,"virginica"
6.2,2.2,4.5,1.5,"versicolor"
6.3,3.3,6,2.5,"virginica"
5.1,3.4,1.5,0.2,"setosa"
6.3,2.5,5,1.9,"virginica"
5.8,4,1.2,0.2,"setosa"
6.7,3.1,5.6,2.4,"virginica"
4.5,2.3,1.3,0.3,"setosa"
6.3,2.5,4.9,1.5,"versicolor"
6.1,2.8,4.7,1.2,"versicolor"
5.9,3,5.1,1.8,"virginica"
6,3.4,4.5,1.6,"versicolor"
6.3,2.3,4.4,1.3,"versicolor"
6.4,2.8,5.6,2.2,"virginica"
5.7,2.5,5,2,"virginica"
5,2,3.5,1,"versicolor"
4.9,3,1.4,0.2,"setosa"
4.6,3.1,1.5,0.2,"setosa"
4.8,3.4,1.9,0.2,"setosa"
6.5,3,5.2,2,"virginica"
5.1,2.5,3,1.1,"versicolor"
6.3,2.7,4.9,1.8,"virginica"
6.3,2.9,5.6,1.8,"virginica"
6.5,3,5.5,1.8,"virginica"
5.2,4.1,1.5,0.1,"setosa"
7.7,3.8,6.7,2.2,"virginica"
5,3.4,1.6,0.4,"setosa"
6.3,3.4,5.6,2.4,"virginica"
5.1,3.8,1.5,0.3,"setosa"
6.9,3.2,5.7,2.3,"virginica"
5.5,4.2,1.4,0.2,"setosa"
6.2,3.4,5.4,2.3,"virginica"
5.7,3,4.2,1.2,"versicolor"
4.3,3,1.1,0.1,"setosa"
5,3.2,1.2,0.2,"setosa"
5.4,3.4,1.5,0.4,"setosa"
6.7,2.5,5.8,1.8,"virginica"
5.1,3.5,1.4,0.3,"setosa"
5.6,2.7,4.2,1.3,"versicolor"
5,2.3,3.3,1,"versicolor"
5.4,3.9,1.3,0.4,"setosa"
5.5,2.5,4,1.3,"versicolor"
7.2,3.6,6.1,2.5,"virginica"
7.7,2.8,6.7,2,"virginica"
6.4,2.8,5.6,2.1,"virginica"
7.1,3,5.9,2.1,"virginica"
5.8,2.7,5.1,1.9,"virginica"
6.5,2.8,4.6,1.5,"versicolor"
5.5,2.3,4,1.3,"versicolor"
